,A_SOURCE,A_ID,A_MUNI,A_YEAR,A_CRASH_DATE,A_SEVERITY,A_CRASH_TIME,A_POLICE,A_CYCLIST,A_PEDESTRIAN,A_OTHER,A_LAT,A_LON,A_INTERSTATE,A_datetime,B_SOURCE,B_ID,B_MUNI,B_YEAR,B_CRASH_DATE,B_SEVERITY,B_CRASH_TIME,B_POLICE,B_CYCLIST,B_PEDESTRIAN,B_OTHER,B_LAT,B_LON,B_INTERSTATE,B_datetime,distance_m,time_diff_sec,confidence
0,BostonVZCrash,4748,BOSTON,2021,2021-02-07,2,03:19:44,,0,0,,42.33262014368461,-71.07201818804987,,2021-02-07 03:19:44,MassDOT,4933025,BOSTON,2021,2021-02-07,0,03:45:00,State,0,0,0.0,42.33274746,-71.07213447,0,2021-02-07 03:45:00,17.051698502510305,1516.0,0.7543047771490945
1,BostonVZFatality,110,BOSTON,2021,2021-02-09,1,06:03:34,,0,0,,42.38194217412896,-71.02479191627789,,2021-02-09 06:03:34,BostonVZCrash,15886,BOSTON,2021,2021-02-09,2,06:07:47,,0,0,,42.38194217412896,-71.02479191627789,,2021-02-09 06:07:47,0.0,253.0,0.9789166666666667
2,BostonVZFatality,80,BOSTON,2021,2021-03-13,1,02:40:32,,0,1,,42.34132277292787,-71.15468078289963,,2021-03-13 02:40:32,BostonVZCrash,38581,BOSTON,2021,2021-03-13,2,02:40:50,,0,1,,42.34132277292787,-71.15468078289963,,2021-03-13 02:40:50,0.0,18.0,0.9984999999999999
3,BostonVZFatality,108,BOSTON,2021,2021-05-12,1,18:22:41,,0,0,,42.28766699926072,-71.106661684122,,2021-05-12 18:22:41,BostonVZCrash,29798,BOSTON,2021,2021-05-12,2,18:23:25,,0,0,,42.28766699926072,-71.106661684122,,2021-05-12 18:23:25,0.0,44.0,0.9963333333333333
4,BostonVZFatality,134,BOSTON,2021,2021-06-19,1,20:15:31,,0,0,,42.335715823575136,-71.0312786599183,,2021-06-19 20:15:31,BostonVZCrash,23904,BOSTON,2021,2021-06-19,2,20:16:25,,0,0,,42.335715823575136,-71.0312786599183,,2021-06-19 20:16:25,0.0,54.0,0.9954999999999999
5,BostonVZFatality,29,BOSTON,2021,2021-07-03,1,10:58:22,,0,1,,42.29373744833365,-71.14603303860109,,2021-07-03 10:58:22,BostonVZCrash,14408,BOSTON,2021,2021-07-03,2,11:00:09,,0,1,,42.29373744833365,-71.14603303860109,,2021-07-03 11:00:09,0.0,107.0,0.9910833333333333
6,MassDOT,4995378,BOSTON,2021,2021-08-09,0,16:10:00,State,0,0,0.0,42.37021995,-71.06476948,1,2021-08-09 16:10:00,BostonVZCrash,10519,BOSTON,2021,2021-08-09,2,16:12:58,,0,0,,42.36957999607135,-71.06433947461069,,2021-08-09 16:12:58,79.3062372180037,178.0,0.4300230061406407
7,BostonVZFatality,21,BOSTON,2021,2021-08-12,1,16:45:42,,0,0,,42.28513266678874,-71.15645611817698,,2021-08-12 16:45:42,BostonVZCrash,13872,BOSTON,2021,2021-08-12,2,16:48:03,,0,0,,42.28513266678874,-71.15645611817698,,2021-08-12 16:48:03,0.0,141.0,0.98825
8,BostonVZCrash,9882,BOSTON,2021,2021-08-19,2,17:35:11,,1,0,,42.31941680301341,-71.07556121537029,,2021-08-19 17:35:11,MassDOT,5012166,BOSTON,2021,2021-08-19,2,18:34:00,Local,1,0,0.0,42.31933848,-71.07518223,0,2021-08-19 18:34:00,32.296875255965006,3529.0,0.4798385398749116
9,BostonVZFatality,1,BOSTON,2021,2021-08-27,1,23:16:04,,0,0,,42.31035694234807,-71.09175104914614,,2021-08-27 23:16:04,BostonVZCrash,39393,BOSTON,2021,2021-08-27,2,23:18:03,,0,0,,42.31035694234807,-71.09175104914614,,2021-08-27 23:18:03,0.0,119.0,0.9900833333333333
10,BostonVZCrash,27026,BOSTON,2021,2021-09-09,2,13:57:42,,0,0,,42.353656503562426,-71.05361019963685,,2021-09-09 13:57:42,MassDOT,5008715,BOSTON,2021,2021-09-09,2,14:17:00,State,0,0,0.0,42.35393879,-71.05314624,1,2021-09-09 14:17:00,49.297373877236,1158.0,0.558418382859348
11,BostonVZFatality,12,BOSTON,2021,2021-09-26,1,00:30:39,,0,0,,42.276846047604515,-71.11947329265959,,2021-09-26 00:30:39,BostonVZCrash,36768,BOSTON,2021,2021-09-26,2,00:33:16,,0,0,,42.276846047604515,-71.11947329265959,,2021-09-26 00:33:16,0.0,157.0,0.9869166666666667
12,BostonVZFatality,44,BOSTON,2021,2021-10-16,1,14:26:47,,0,1,,42.33081648893694,-71.06853619781843,,2021-10-16 14:26:47,BostonVZCrash,42012,BOSTON,2021,2021-10-16,2,14:27:16,,0,1,,42.33081648893694,-71.06853619781843,,2021-10-16 14:27:16,0.0,29.0,0.9975833333333333
13,BostonVZFatality,42,BOSTON,2021,2021-10-26,1,10:53:05,,0,1,,42.277653458407656,-71.09416905896597,,2021-10-26 10:53:05,BostonVZCrash,17738,BOSTON,2021,2021-10-26,2,10:54:29,,0,1,,42.277653458407656,-71.09416905896597,,2021-10-26 10:54:29,0.0,84.0,0.9929999999999999
14,BostonVZFatality,19,BOSTON,2021,2021-10-30,1,05:04:28,,0,0,,42.318021869218505,-71.08194167724652,,2021-10-30 05:04:28,BostonVZCrash,8534,BOSTON,2021,2021-10-30,2,05:08:30,,0,0,,42.318021869218505,-71.08194167724652,,2021-10-30 05:08:30,0.0,242.0,0.9798333333333333
15,BostonVZFatality,46,BOSTON,2021,2021-12-15,1,11:20:47,,0,1,,42.34828469675084,-71.14983736542295,,2021-12-15 11:20:47,BostonVZCrash,31166,BOSTON,2021,2021-12-15,2,11:21:48,,0,1,,42.34828469675084,-71.14983736542295,,2021-12-15 11:21:48,0.0,61.0,0.9949166666666667
16,MassDOT,5067186,BOSTON,2022,2022-01-20,0,13:50:00,State,0,0,0.0,42.36097269,-71.11779132,0,2022-01-20 13:50:00,BostonVZCrash,23089,BOSTON,2022,2022-01-20,2,14:18:33,,1,0,,42.36010418886195,-71.11752429146709,,2022-01-20 14:18:33,98.86018913335245,1713.0,0.16522867606653285
17,BostonVZCrash,17586,BOSTON,2022,2022-03-06,2,16:35:24,,0,0,,42.30014448398101,-71.04967027617751,,2022-03-06 16:35:24,MassDOT,5077838,BOSTON,2022,2022-03-06,0,17:03:00,State,0,0,0.0,42.30062503,-71.04914679,0,2022-03-06 17:03:00,68.50033794640039,1656.0,0.38249763437519724
18,MassDOT,5449199,BOSTON,2022,2022-03-18,0,16:49:00,Local,0,0,0.0,42.33373277,-71.08258144,0,2022-03-18 16:49:00,BostonVZCrash,3973,BOSTON,2022,2022-03-18,2,17:40:53,,0,0,,42.3338261496791,-71.08251021213488,,2022-03-18 17:40:53,11.899396711389103,3113.0,0.6572875563536095
19,BostonVZFatality,121,BOSTON,2022,2022-04-04,1,04:52:46,,0,1,,42.35029305862062,-71.06023883235669,,2022-04-04 04:52:46,BostonVZCrash,32377,BOSTON,2022,2022-04-04,2,04:53:08,,0,1,,42.35029305862062,-71.06023883235669,,2022-04-04 04:53:08,0.0,22.0,0.9981666666666666
20,MassDOT,5096515,BOSTON,2022,2022-04-16,0,00:40:00,State,0,0,0.0,42.36405765,-71.05808411,1,2022-04-16 00:40:00,BostonVZCrash,14928,BOSTON,2022,2022-04-16,2,00:49:42,,0,0,,42.36431896907301,-71.05838976991437,,2022-04-16 00:49:42,38.33822106654805,582.0,0.6831324525341635
21,BostonVZFatality,83,BOSTON,2022,2022-05-13,1,03:49:24,,0,1,,42.37536793206018,-71.03757774695279,,2022-05-13 03:49:24,BostonVZCrash,4149,BOSTON,2022,2022-05-13,2,03:51:44,,0,1,,42.37536793206018,-71.03757774695279,,2022-05-13 03:51:44,0.0,140.0,0.9883333333333333
22,BostonVZFatality,111,BOSTON,2022,2022-05-30,1,00:07:50,,0,1,,42.36124187011271,-71.06690396060965,,2022-05-30 00:07:50,BostonVZCrash,36264,BOSTON,2022,2022-05-30,2,00:08:55,,0,1,,42.36124187011271,-71.06690396060965,,2022-05-30 00:08:55,0.0,65.0,0.9945833333333333
23,BostonVZFatality,93,BOSTON,2022,2022-06-11,1,06:08:19,,0,0,,42.29443688852239,-71.07195645658328,,2022-06-11 06:08:19,BostonVZCrash,18542,BOSTON,2022,2022-06-11,2,06:10:43,,0,0,,42.29443688852239,-71.07195645658328,,2022-06-11 06:10:43,0.0,144.0,0.988
24,BostonVZFatality,45,BOSTON,2022,2022-07-13,1,16:09:14,,1,0,,42.34284918462784,-71.0850258466602,,2022-07-13 16:09:14,BostonVZCrash,36646,BOSTON,2022,2022-07-13,2,16:10:53,,1,0,,42.34284918462784,-71.0850258466602,,2022-07-13 16:10:53,0.0,99.0,0.9917499999999999
25,BostonVZFatality,122,BOSTON,2022,2022-08-03,1,01:58:18,,0,1,,42.3133854236596,-71.09505631954386,,2022-08-03 01:58:18,BostonVZCrash,12861,BOSTON,2022,2022-08-03,2,01:59:28,,1,0,,42.3133854236596,-71.09505631954386,,2022-08-03 01:59:28,0.0,70.0,0.9941666666666666
26,BostonVZFatality,95,BOSTON,2022,2022-10-05,1,00:57:38,,0,1,,42.277841701207294,-71.16164438252093,,2022-10-05 00:57:38,BostonVZCrash,24531,BOSTON,2022,2022-10-05,2,00:58:45,,0,1,,42.277841701207294,-71.16164438252093,,2022-10-05 00:58:45,0.0,67.0,0.9944166666666666
27,MassDOT,5436732,BOSTON,2022,2022-10-09,0,20:29:00,Local,0,0,0.0,42.32772177,-71.07513866,0,2022-10-09 20:29:00,BostonVZCrash,34892,BOSTON,2022,2022-10-09,2,21:23:25,,0,0,,42.32788654960194,-71.07513131512289,,2022-10-09 21:23:25,18.30046442653124,3265.0,0.599813415680948
28,MassDOT,5167626,BOSTON,2022,2022-10-13,0,21:50:00,State,0,0,0.0,42.3008733,-71.04874185,1,2022-10-13 21:50:00,BostonVZCrash,18175,BOSTON,2022,2022-10-13,2,22:35:22,,0,0,,42.30146550561281,-71.0495744777996,,2022-10-13 22:35:22,94.83536803587691,2722.0,0.1093190904155283
29,BostonVZCrash,24054,BOSTON,2022,2022-12-01,2,12:53:01,,1,0,,42.29868030969056,-71.08665732939623,,2022-12-01 12:53:01,MassDOT,5381960,BOSTON,2022,2022-12-01,2,12:59:00,Local,1,0,0.0,42.29814797,-71.0870246,0,2022-12-01 12:59:00,66.33859204504795,359.0,0.5057131890179976
30,MassDOT,5382872,BOSTON,2022,2022-12-06,0,15:36:00,Local,0,0,0.0,42.31732598,-71.09679897,0,2022-12-06 15:36:00,BostonVZCrash,16210,BOSTON,2022,2022-12-06,2,16:32:13,,0,0,,42.31733445683931,-71.09678415476978,,2022-12-06 16:32:13,1.537517146420287,3373.0,0.7081540466417247
31,BostonVZCrash,18891,BOSTON,2023,2023-01-03,2,22:13:11,,0,0,,42.35858681990069,-71.05207015131951,,2023-01-03 22:13:11,MassDOT,5200609,BOSTON,2023,2023-01-03,0,22:19:00,State,0,0,0.0,42.35809883,-71.05137725,1,2023-01-03 22:19:00,78.51182619602031,349.0,0.4213338832945245
32,BostonVZCrash,18891,BOSTON,2023,2023-01-03,2,22:13:11,,0,0,,42.35858681990069,-71.05207015131951,,2023-01-03 22:13:11,MassDOT,5200522,BOSTON,2023,2023-01-03,0,22:32:00,State,0,0,0.0,42.35809883,-71.05137725,1,2023-01-03 22:32:00,78.51182619602031,1129.0,0.35633388329452453
33,BostonVZFatality,55,BOSTON,2023,2023-01-21,1,03:36:40,,0,1,,42.33262014368461,-71.07201818804987,,2023-01-21 03:36:40,BostonVZCrash,15725,BOSTON,2023,2023-01-21,2,03:38:07,,0,1,,42.33262014368461,-71.07201818804987,,2023-01-21 03:38:07,0.0,87.0,0.99275
34,BostonVZCrash,31029,BOSTON,2023,2023-03-16,2,06:26:51,,0,0,,42.36001455228721,-71.07199107122794,,2023-03-16 06:26:51,MassDOT,5235694,BOSTON,2023,2023-03-16,0,07:25:00,State,0,0,0.0,42.35969857,-71.07207596,0,2023-03-16 07:25:00,35.75844274441846,3489.0,0.4589409007890708
35,BostonVZCrash,39688,BOSTON,2023,2023-04-27,2,17:51:54,,0,0,,42.296650356339605,-71.04644259399676,,2023-04-27 17:51:54,MassDOT,5253388,BOSTON,2023,2023-04-27,0,18:13:00,State,0,0,0.0,42.29628572,-71.04622112,0,2023-04-27 18:13:00,44.37167506615034,1266.0,0.5838982745369475
36,MassDOT,5347592,BOSTON,2023,2023-05-02,0,12:21:00,Local,0,0,0.0,42.29975615,-71.06030634,0,2023-05-02 12:21:00,BostonVZCrash,17481,BOSTON,2023,2023-05-02,2,13:06:42,,0,0,,42.29979190638511,-71.06029177971541,,2023-05-02 13:06:42,4.145068301999414,2742.0,0.7424845218860041
37,BostonVZCrash,32296,BOSTON,2023,2023-07-16,2,19:30:04,,0,0,,42.358063731041725,-71.05188343683632,,2023-07-16 19:30:04,MassDOT,5279452,BOSTON,2023,2023-07-16,0,19:55:00,State,0,0,0.0,42.35809883,-71.05137725,1,2023-07-16 19:55:00,41.701507633001526,1496.0,0.5834227799023226
38,BostonVZFatality,15,BOSTON,2023,2023-07-19,1,01:30:00,,0,1,,42.26824135015054,-71.1113451791808,,2023-07-19 01:30:00,BostonVZCrash,5377,BOSTON,2023,2023-07-19,2,01:31:16,,0,1,,42.26824135015054,-71.1113451791808,,2023-07-19 01:31:16,0.0,76.0,0.9936666666666667
39,MassDOT,5349602,BOSTON,2023,2023-07-28,0,13:35:00,Local,0,0,0.0,42.29622597,-71.06715487,0,2023-07-28 13:35:00,BostonVZCrash,30249,BOSTON,2023,2023-07-28,2,14:33:16,,0,0,,42.296154582294655,-71.06716559993572,,2023-07-28 14:33:16,7.972856707517534,3496.0,0.6528566697140439
40,MassDOT,5285723,BOSTON,2023,2023-08-09,2,20:09:00,State,0,0,0.0,42.27807325,-71.07277384,0,2023-08-09 20:09:00,BostonVZCrash,22359,BOSTON,2023,2023-08-09,2,20:42:29,,0,0,,42.278059666297175,-71.07308018620179,,2023-08-09 20:42:29,25.204628826013543,2009.0,0.6561509315512386
41,BostonVZCrash,23174,BOSTON,2023,2023-08-11,2,17:06:24,,0,0,,42.320020136898094,-71.05967714984716,,2023-08-11 17:06:24,MassDOT,5350641,BOSTON,2023,2023-08-11,0,17:10:00,Local,0,0,0.0,42.32000473,-71.05979931,0,2023-08-11 17:10:00,10.170851067612695,216.0,0.910804042526711
42,MassDOT,5288215,BOSTON,2023,2023-08-19,0,04:01:00,State,0,0,0.0,42.36807647,-71.06264157,1,2023-08-19 04:01:00,BostonVZCrash,33901,BOSTON,2023,2023-08-19,2,05:00:54,,0,0,,42.36771006264756,-71.06223659648869,,2023-08-19 05:00:54,52.508884058360486,3594.0,0.3329378115914766
43,MassDOT,5359101,BOSTON,2023,2023-10-05,2,17:41:00,Local,0,1,1.0,42.31293173,-71.0574266,0,2023-10-05 17:41:00,BostonVZCrash,27088,BOSTON,2023,2023-10-05,2,18:33:12,,0,1,,42.31289521288713,-71.05774276511467,,2023-10-05 18:33:12,26.26616978001946,3132.0,0.5551368115398638
44,BostonVZCrash,29864,BOSTON,2023,2023-11-03,2,09:41:25,,0,0,,42.30414396292917,-71.08232420631086,,2023-11-03 09:41:25,MassDOT,5359563,BOSTON,2023,2023-11-03,0,10:26:00,Local,0,0,1.0,42.30412086,-71.08230931,0,2023-11-03 10:26:00,2.8410811963780813,2675.0,0.7571957649586867
45,BostonVZFatality,96,BOSTON,2023,2023-11-26,1,03:45:09,,0,1,,42.29812323243154,-71.08704845767167,,2023-11-26 03:45:09,BostonVZCrash,1314,BOSTON,2023,2023-11-26,2,03:46:02,,0,1,,42.29812323243154,-71.08704845767167,,2023-11-26 03:46:02,0.0,53.0,0.9955833333333333
46,BostonVZFatality,104,BOSTON,2023,2023-12-19,1,15:08:09,,1,0,,42.35405132476076,-71.13630238379989,,2023-12-19 15:08:09,BostonVZCrash,865,BOSTON,2023,2023-12-19,2,15:08:27,,0,1,,42.35405132476076,-71.13630238379989,,2023-12-19 15:08:27,0.0,18.0,0.9984999999999999
47,BostonVZFatality,64,BOSTON,2023,2023-12-22,1,17:26:57,,0,0,,42.27258759291704,-71.16439573510999,,2023-12-22 17:26:57,BostonVZCrash,21851,BOSTON,2023,2023-12-22,2,17:31:27,,0,0,,42.27258759291704,-71.16439573510999,,2023-12-22 17:31:27,0.0,270.0,0.9775
48,BostonVZFatality,9,BOSTON,2024,2024-01-24,1,08:19:15,,0,1,,42.33356601748208,-71.07346021786326,,2024-01-24 08:19:15,BostonVZCrash,40606,BOSTON,2024,2024-01-24,2,08:19:43,,0,1,,42.33356601748208,-71.07346021786326,,2024-01-24 08:19:43,0.0,28.0,0.9976666666666666
49,BostonVZFatality,14,BOSTON,2024,2024-04-04,1,10:30:19,,0,1,,42.35180073588021,-71.05590175753605,,2024-04-04 10:30:19,BostonVZCrash,23410,BOSTON,2024,2024-04-04,2,10:31:39,,0,1,,42.35180073588021,-71.05590175753605,,2024-04-04 10:31:39,0.0,80.0,0.9933333333333333
50,BostonVZCrash,40143,BOSTON,2024,2024-04-12,2,01:10:33,,0,0,,42.34595927761557,-71.06128023583976,,2024-04-12 01:10:33,MassDOT,5383213,BOSTON,2024,2024-04-12,0,01:15:00,State,0,0,0.0,42.34559487,-71.06132057,0,2024-04-12 01:15:00,40.58436626160871,267.0,0.693659436168739
51,BostonVZCrash,34751,BOSTON,2024,2024-04-20,2,22:37:39,,0,0,,42.26729787574207,-71.09372828591967,,2024-04-20 22:37:39,MassDOT,5390168,BOSTON,2024,2024-04-20,0,23:08:00,MBTA,0,0,0.0,42.26763426,-71.0938809,0,2024-04-20 23:08:00,39.386871984236194,1821.0,0.5725418961103466
52,BostonVZCrash,35702,BOSTON,2024,2024-04-20,2,22:52:06,,0,0,,42.267974754928936,-71.09307212111437,,2024-04-20 22:52:06,MassDOT,5390168,BOSTON,2024,2024-04-20,0,23:08:00,MBTA,0,0,0.0,42.26763426,-71.0938809,0,2024-04-20 23:08:00,76.43231715957766,954.0,0.3854737798829563
53,BostonVZCrash,30096,BOSTON,2024,2024-05-25,2,02:54:43,,0,0,,42.32765628099736,-71.05859532046028,,2024-05-25 02:54:43,MassDOT,5403269,BOSTON,2024,2024-05-25,2,03:20:00,State,0,0,0.0,42.32830314,-71.05921414,1,2024-05-25 03:20:00,87.94466031844709,1517.0,0.2579707111042037
54,BostonVZCrash,33201,BOSTON,2024,2024-07-19,2,16:32:47,,0,0,,42.31368555527641,-71.05704743024982,,2024-07-19 16:32:47,MassDOT,5416614,BOSTON,2024,2024-07-19,2,16:33:00,Local,0,0,0.0,42.31295954,-71.05720676,0,2024-07-19 16:33:00,81.6419634912702,13.0,0.4274229222277752
55,BostonVZFatality,147,BOSTON,2024,2024-08-18,1,03:52:03,,0,1,,42.330681792710514,-71.06853530368863,,2024-08-18 03:52:03,BostonVZCrash,23056,BOSTON,2024,2024-08-18,2,03:53:21,,0,1,,42.330681792710514,-71.06853530368863,,2024-08-18 03:53:21,0.0,78.0,0.9934999999999999
56,BostonVZFatality,26,BOSTON,2024,2024-08-23,1,23:04:45,,0,1,,42.33554256849514,-71.04156317945404,,2024-08-23 23:04:45,BostonVZCrash,31512,BOSTON,2024,2024-08-23,2,23:05:37,,0,1,,42.33554256849514,-71.04156317945404,,2024-08-23 23:05:37,0.0,52.0,0.9956666666666666
57,BostonVZFatality,60,BOSTON,2024,2024-09-03,1,00:46:32,,0,1,,42.33356601748208,-71.07346021786326,,2024-09-03 00:46:32,BostonVZCrash,34312,BOSTON,2024,2024-09-03,2,00:46:37,,0,1,,42.33356601748208,-71.07346021786326,,2024-09-03 00:46:37,0.0,5.0,0.9995833333333333
58,MassDOT,5442691,BOSTON,2024,2024-09-28,2,10:01:00,Local,0,0,0.0,42.35084789,-71.08949714,0,2024-09-28 10:01:00,BostonVZCrash,5464,BOSTON,2024,2024-09-28,2,10:39:00,,0,0,,42.350858072765824,-71.0894836662669,,2024-09-28 10:39:00,1.580888379932845,2280.0,0.79893378134047
59,BostonVZFatality,4,BOSTON,2024,2024-10-04,1,23:16:10,,0,1,,42.27689709027487,-71.13865114944244,,2024-10-04 23:16:10,BostonVZCrash,40417,BOSTON,2024,2024-10-04,2,23:16:59,,0,1,,42.27689709027487,-71.13865114944244,,2024-10-04 23:16:59,0.0,49.0,0.9959166666666666
60,BostonVZFatality,58,BOSTON,2024,2024-11-16,1,06:16:47,,0,1,,42.341840125671645,-71.05549749653231,,2024-11-16 06:16:47,BostonVZCrash,11645,BOSTON,2024,2024-11-16,2,06:17:22,,0,1,,42.341840125671645,-71.05549749653231,,2024-11-16 06:17:22,0.0,35.0,0.9970833333333333
61,BostonVZFatality,40,BOSTON,2024,2024-12-12,1,13:44:27,,0,1,,42.376940935458435,-71.05648233022538,,2024-12-12 13:44:27,BostonVZCrash,14027,BOSTON,2024,2024-12-12,2,13:45:01,,0,1,,42.376940935458435,-71.05648233022538,,2024-12-12 13:45:01,0.0,34.0,0.9971666666666665
62,BostonVZFatality,31,BOSTON,2024,2024-12-18,1,10:42:28,,0,1,,42.331421903284216,-71.09437514443358,,2024-12-18 10:42:28,BostonVZCrash,26208,BOSTON,2024,2024-12-18,2,10:43:32,,0,1,,42.331421903284216,-71.09437514443358,,2024-12-18 10:43:32,0.0,64.0,0.9946666666666666
63,BostonVZCrash,26252,BOSTON,2025,2025-01-02,2,18:25:18,,0,0,,42.295844074873166,-71.05629435180104,,2025-01-02 18:25:18,MassDOT,5481925,BOSTON,2025,2025-01-02,0,19:25:00,Local,0,0,0.0,42.29637029,-71.05645739,0,2025-01-02 19:25:00,59.92414692764906,3582.0,0.28203097150645656
64,BostonVZFatality,82,BOSTON,2025,2025-01-12,1,14:24:13,,0,1,,42.329289656059046,-71.05695725997023,,2025-01-12 14:24:13,BostonVZCrash,14017,BOSTON,2025,2025-01-12,2,14:29:03,,0,0,,42.32951559009473,-71.05700727981439,,2025-01-12 14:29:03,25.41236731307457,290.0,0.7979467621418113
65,BostonVZFatality,41,BOSTON,2025,2025-01-18,1,20:07:42,,0,0,,42.25023657920695,-71.13090582003008,,2025-01-18 20:07:42,BostonVZCrash,39526,BOSTON,2025,2025-01-18,2,20:09:15,,0,0,,42.25023657920695,-71.13090582003008,,2025-01-18 20:09:15,0.0,93.0,0.9922499999999999
66,BostonVZFatality,149,BOSTON,2025,2025-01-19,1,01:29:24,,0,1,,42.33565200322881,-71.0781290443949,,2025-01-19 01:29:24,BostonVZCrash,20828,BOSTON,2025,2025-01-19,2,01:30:31,,0,1,,42.33565200322881,-71.0781290443949,,2025-01-19 01:30:31,0.0,67.0,0.9944166666666666
67,MassDOT,5530967,BOSTON,2025,2025-05-07,2,23:25:00,State,0,0,0.0,42.32367169,-71.05526909,0,2025-05-07 23:25:00,BostonVZCrash,2737,BOSTON,2025,2025-05-08,2,00:00:51,,0,0,,42.32377729967336,-71.05529825352797,,2025-05-08 00:00:51,11.964507182964105,2151.0,0.7369984497192513
68,BostonVZFatality,43,BOSTON,2025,2025-05-11,1,04:28:24,,0,0,,42.28179736333694,-71.09863160876505,,2025-05-11 04:28:24,BostonVZCrash,26850,BOSTON,2025,2025-05-11,2,04:30:05,,0,0,,42.28179736333694,-71.09863160876505,,2025-05-11 04:30:05,0.0,101.0,0.9915833333333333
69,MassDOT,5527073,BOSTON,2025,2025-05-13,2,22:30:00,Local,0,0,0.0,42.30873223,-71.08079358,0,2025-05-13 22:30:00,BostonVZCrash,1305,BOSTON,2025,2025-05-13,2,23:27:54,,0,0,,42.30876271949559,-71.0807777412352,,2025-05-13 23:27:54,3.625486381658315,3474.0,0.6851215953283918
70,BostonVZCrash,21130,BOSTON,2025,2025-05-28,2,16:07:19,,0,1,,42.331361390215626,-71.07071661568612,,2025-05-28 16:07:19,MassDOT,5556505,BOSTON,2025,2025-05-28,0,17:06:00,Local,0,0,0.0,42.33220922,-71.07068864,0,2025-05-28 17:06:00,94.13710095110883,3521.0,0.047623626675571504
71,BostonVZCrash,7440,BOSTON,2025,2025-07-05,2,04:01:28,,0,0,,42.33563664461931,-71.03522684156663,,2025-07-05 04:01:28,MassDOT,5556766,BOSTON,2025,2025-07-05,2,04:52:00,Local,0,0,0.0,42.33562835,-71.0354429,0,2025-07-05 04:52:00,17.75204202582198,3032.0,0.6230690391525795
72,BostonVZFatality,125,BOSTON,2025,2025-07-12,1,16:07:41,,0,1,,42.30078196791018,-71.06000729390735,,2025-07-12 16:07:41,BostonVZCrash,19222,BOSTON,2025,2025-07-12,2,16:08:34,,0,1,,42.30078196791018,-71.06000729390735,,2025-07-12 16:08:34,0.0,53.0,0.9955833333333333
73,BostonVZCrash,10494,BOSTON,2025,2025-07-20,2,15:19:38,,0,0,,42.29447815259188,-71.13581718475812,,2025-07-20 15:19:38,MassDOT,5556543,BOSTON,2025,2025-07-20,2,16:05:00,Local,0,0,0.0,42.29445928,-71.13587732,0,2025-07-20 16:05:00,5.3634998007194765,2722.0,0.7356221680616304
74,MassDOT,5556711,BOSTON,2025,2025-07-29,2,03:58:00,Local,0,0,0.0,42.31943221,-71.09469021,0,2025-07-29 03:58:00,BostonVZCrash,26512,BOSTON,2025,2025-07-29,2,04:08:41,,0,0,,42.319438092482415,-71.09467625970352,,2025-07-29 04:08:41,1.3180543945302123,641.0,0.9373569525716219
75,BostonVZFatality,78,BOSTON,2025,2025-08-06,1,15:18:26,,0,1,,42.34929906846397,-71.07689323350004,,2025-08-06 15:18:26,BostonVZCrash,27207,BOSTON,2025,2025-08-06,2,15:18:45,,0,1,,42.34929906846397,-71.07689323350004,,2025-08-06 15:18:45,0.0,19.0,0.9984166666666666
76,BostonVZFatality,39,BOSTON,2025,2025-09-29,1,04:22:17,,0,1,,42.273889184135314,-71.11996192790174,,2025-09-29 04:22:17,BostonVZCrash,30723,BOSTON,2025,2025-09-29,2,04:23:18,,0,1,,42.273889184135314,-71.11996192790174,,2025-09-29 04:23:18,0.0,61.0,0.9949166666666667
77,MassDOT,5581320,BOSTON,2025,2025-10-01,0,11:08:00,State,0,0,0.0,42.34767476,-71.05142642,1,2025-10-01 11:08:00,BostonVZCrash,28076,BOSTON,2025,2025-10-01,2,11:33:39,,0,0,,42.34741184541056,-71.05141401467458,,2025-10-01 11:33:39,29.201258657821068,1539.0,0.6673411893952526
78,BostonVZFatality,131,BOSTON,2025,2025-10-06,1,01:38:24,,0,1,,42.32962350766265,-71.11109551286684,,2025-10-06 01:38:24,BostonVZCrash,5894,BOSTON,2025,2025-10-06,2,01:41:14,,0,1,,42.32962350766265,-71.11109551286684,,2025-10-06 01:41:14,0.0,170.0,0.9858333333333333
79,BostonVZFatality,118,BOSTON,2025,2025-10-06,1,11:57:32,,0,1,,42.33384209347465,-71.07302789074302,,2025-10-06 11:57:32,BostonVZCrash,16700,BOSTON,2025,2025-10-06,2,11:58:12,,0,1,,42.33384209347465,-71.07302789074302,,2025-10-06 11:58:12,0.0,40.0,0.9966666666666666
80,BostonVZFatality,35,BOSTON,2025,2025-12-05,1,07:18:18,,0,0,,42.38181297078638,-71.02493972460596,,2025-12-05 07:18:18,BostonVZCrash,24956,BOSTON,2025,2025-12-05,2,07:46:20,,0,0,,42.38181297078638,-71.02493972460596,,2025-12-05 07:46:20,0.0,1682.0,0.8598333333333332
81,MassDOT,5613455,BOSTON,2025,2025-12-25,0,00:19:00,Local,0,0,0.0,42.30439767,-71.08476257,0,2025-12-25 00:19:00,BostonVZCrash,32197,BOSTON,2025,2025-12-25,2,00:57:48,,0,0,,42.30479651226872,-71.08466155606801,,2025-12-25 00:57:48,45.04144409051031,2328.0,0.49070989136642773
82,MassDOT,5613869,BOSTON,2025,2025-12-29,0,21:25:00,State,0,0,0.0,42.2934588,-71.04755532,0,2025-12-29 21:25:00,BostonVZCrash,864,BOSTON,2025,2025-12-29,2,21:44:33,,0,0,,42.293474371372355,-71.04754825063853,,2025-12-29 21:44:33,1.8232838016177593,1173.0,0.8894870133886756
